Index,DateTime,BTC_imbalance,BTC_Before,Imbalance,VWAP_before,y,target
0,2019-06-01 11:52:57.962134,-0.8742379429834762,8522.438082154826,-0.19641754067046888,265.32020625247344,265.6150049395657,1
1,2019-06-01 11:57:58.835445,-0.6367879517579281,8532.922707488686,0.09363869147469876,265.6150049395657,266.3411884486151,1
2,2019-06-01 12:02:59.813571,-0.08586373435974924,8539.808178169804,0.8206330975073469,266.3411884486151,266.7795096448827,1
3,2019-06-01 12:08:00.945428,-0.8675395122932615,8549.97021558289,0.8565611557440279,266.7795096448827,267.04847561699904,1
4,2019-06-01 12:13:01.813391,-0.193933022264056,8564.549575106676,-0.1586287595792715,267.04847561699904,266.7269733875702,-1
5,2019-06-01 12:18:02.693676,-0.6773935081835527,8563.05,-0.4687181782311738,266.7269733875702,267.130562908711,1
6,2019-06-01 12:23:03.583946,-0.8373153520539747,8566.859392712196,-0.5845713436924216,267.130562908711,267.1726942680999,1
7,2019-06-01 12:28:04.455315,-0.6585734725542456,8568.480906112334,-0.14155169680139462,267.1726942680999,267.14603298445263,-1
8,2019-06-01 12:33:05.324127,-0.9611290025258477,8557.46125075923,0.10800793987153806,267.14603298445263,266.9338196340777,-1
9,2019-06-01 12:38:06.897037,-0.10833830123371327,8551.617136369974,-0.2823951838409268,266.9338196340777,267.3799744771584,1
10,2019-06-01 12:43:07.774109,-0.5670120680995279,8558.46029952736,0.7744390000557823,267.3799744771584,266.75950477493984,-1
11,2019-06-01 12:48:08.672572,-0.7907263215356684,8548.918730573108,0.6898340391315007,266.75950477493984,266.23999328391665,-1
12,2019-06-01 12:53:09.568210,-0.8704120005518877,8542.298355572151,0.1647051343577667,266.23999328391665,266.57813403146287,1
13,2019-06-01 12:58:10.441892,0.6703931432729788,8553.144568507225,-0.29767327029813323,266.57813403146287,265.6144530627443,-1
14,2019-06-01 13:03:11.915622,0.02179500554873456,8548.347599820367,0.247875342679978,265.6144530627443,264.24564555202585,-1
15,2019-06-01 13:08:12.797558,-0.2828351658753195,8523.843446564639,0.33086033655308883,264.24564555202585,263.8184327685437,-1
16,2019-06-01 13:13:13.691547,0.7733363292222039,8517.85672895817,-0.4902071054518686,263.8184327685437,264.0011817659615,1
17,2019-06-01 13:18:14.569564,-0.5340912425172909,8520.395947923913,0.9594526779313628,264.0011817659615,263.8982890377139,-1
18,2019-06-01 13:23:15.470713,-0.2571160203810096,8520.987989248983,-0.7186909897067683,263.8982890377139,263.6790094021247,-1
19,2019-06-01 13:28:16.378993,0.6657022656662201,8513.583724920347,-0.07691082915807781,263.6790094021247,265.0583491488154,1
20,2019-06-01 13:33:17.284556,-0.6138173308474066,8531.498581918766,0.023679204527622674,265.0583491488154,266.0310539610616,1
21,2019-06-01 13:38:18.192695,0.8122414508025576,8543.774070026544,0.26590392543994745,266.0310539610616,265.6259103252716,-1
22,2019-06-01 13:43:19.134628,0.3761099456231671,8541.041493793718,-0.703744434355952,265.6259103252716,265.0338327548584,-1
23,2019-06-01 13:48:20.019016,0.33123382646911753,8532.174784778525,0.07758716265135616,265.0338327548584,264.19510339924125,-1
24,2019-06-01 13:53:20.925301,-0.14009524511154495,8505.840666658572,-0.3645381294796126,264.19510339924125,264.18213910995996,-1
25,2019-06-01 13:58:22.177415,0.6098872119539113,8510.551118996655,-0.5401922780796812,264.18213910995996,264.3454777014654,1
26,2019-06-01 14:03:23.090179,0.2150238507377249,8514.750387575283,0.5015612729678549,264.3454777014654,263.9667616271254,-1
27,2019-06-01 14:08:23.974854,0.4659160502367361,8503.139141178666,0.30531985870802186,263.9667616271254,262.7476583574487,-1
28,2019-06-01 14:13:24.877221,-0.4084268154283621,8504.374753435928,-0.8650097782225162,262.7476583574487,263.9166300990844,1
29,2019-06-01 14:18:25.766597,-0.3307479406161246,8517.694046514542,-0.6889989073634952,263.9166300990844,263.69166452752637,-1
30,2019-06-01 14:23:26.659259,-0.5401179037762264,8521.548349007022,-0.24676114032812094,263.69166452752637,263.9710658112168,1
31,2019-06-01 14:28:27.563285,0.9310040157253318,8527.758354204698,0.3457096561374041,263.9710658112168,264.3500920206906,1
32,2019-06-01 14:33:28.469409,-0.9325277247292776,8522.642498258127,-0.401303921217766,264.3500920206906,264.51254039044767,1
33,2019-06-01 14:38:29.371566,-0.625501494764763,8518.260428923679,0.7207942781481312,264.51254039044767,264.1578746235078,-1
34,2019-06-01 14:43:30.260410,-0.7913230807309037,8508.714517915181,0.07759821442757864,264.1578746235078,263.98602869075296,-1
35,2019-06-01 14:48:31.153613,0.04461265814458884,8502.833956535032,0.6065077031105697,263.98602869075296,263.17275513917315,-1
36,2019-06-01 14:53:32.040380,0.4575256516934386,8497.163198191629,-0.8700712689003562,263.17275513917315,263.04627371963085,-1
37,2019-06-01 14:58:32.896437,0.7677623052785773,8493.138490084886,0.4662162489712594,263.04627371963085,263.4268950534125,1
38,2019-06-01 15:03:33.784637,0.9553190753518176,8505.546110101921,0.9421167926246832,263.4268950534125,263.02248715657504,-1
39,2019-06-01 15:08:34.664353,-0.6634843314016962,8505.345785791842,-0.5899656160708592,263.02248715657504,262.72691529140786,-1
40,2019-06-01 15:13:35.531410,0.1038181238223585,8498.514258306097,-0.9220662172068896,262.72691529140786,262.6593557741506,-1
41,2019-06-01 15:18:36.468255,-0.3587276508798379,8494.314399336401,0.6071226662308666,262.6593557741506,263.70652924747435,1
42,2019-06-01 15:23:37.349586,0.024666625411539432,8520.809357400429,-0.8471986586202481,263.70652924747435,264.2693302711629,1
43,2019-06-01 15:28:39.257661,-0.8334141797816057,8529.77798531509,-0.5707255101179055,264.2693302711629,263.8121393203936,-1
44,2019-06-01 15:33:40.168680,-0.1094738390019741,8533.41282499609,0.2570376518950797,263.8121393203936,263.66387137146376,-1
45,2019-06-01 15:38:41.070498,0.5105411489550079,8531.709996923493,-0.8775573642195607,263.66387137146376,263.82584873207253,1
46,2019-06-01 15:43:42.463267,-0.4969376760951095,8536.93612452215,-0.28846010364258884,263.82584873207253,263.68514425144883,-1
47,2019-06-01 15:48:43.319621,-0.5390444075170144,8526.03007712806,-0.6590937555376529,263.68514425144883,263.4820447328297,-1
48,2019-06-01 15:53:45.472701,0.49921896138253996,8534.508559645947,0.499748187796209,263.4820447328297,263.72793922746445,1
49,2019-06-01 15:58:46.344521,-0.15546154045420738,8528.74063443908,-0.012714171590205776,263.72793922746445,264.6812875023586,1
50,2019-06-01 16:03:47.269510,0.6442801346479397,8543.393371722119,0.7926839797126479,264.6812875023586,265.01395295415614,1
51,2019-06-01 16:08:48.155139,-0.8553574861028828,8542.038510415214,-0.5482935064137032,265.01395295415614,265.6029635910944,1
52,2019-06-01 16:13:49.059605,-0.5992344425626941,8552.031502241322,0.17025255401368633,265.6029635910944,265.89665285289834,1
53,2019-06-01 16:18:50.293071,0.7622970790712378,8555.342161069715,0.8872820627498027,265.89665285289834,266.60178446260454,1
54,2019-06-01 16:23:51.291572,-0.7238764308604195,8559.42391767213,0.6895876566897681,266.60178446260454,266.1606696054605,-1
55,2019-06-01 16:28:52.204284,0.32337435677214593,8555.84977575089,0.4518184791026007,266.1606696054605,265.302001295541,-1
56,2019-06-01 16:33:53.068601,0.03525988862148048,8533.22336737046,-0.5424003855230888,265.302001295541,265.27306681165766,-1
57,2019-06-01 16:38:53.951091,-0.3484484780598948,8541.823520395636,-0.2640814182636649,265.27306681165766,265.7804501541893,1
58,2019-06-01 16:43:54.885548,0.8838728146502016,8551.562109253822,-0.4871131281437897,265.7804501541893,265.5285719193434,-1
59,2019-06-01 16:48:55.777121,-0.3482276981707865,8535.00682244236,0.32249111558133664,265.5285719193434,265.2469466504581,-1
60,2019-06-01 16:53:56.657145,0.09094859259656217,8535.16007925572,-0.9345801090289017,265.2469466504581,265.4163197742923,1
61,2019-06-01 16:58:57.558639,-0.7046107186533475,8544.946494559543,0.02355755973021784,265.4163197742923,265.56591560119165,1
62,2019-06-01 17:03:58.470035,-0.8467808125744841,8538.166655588191,0.3738799129150112,265.56591560119165,267.08788152776503,1
63,2019-06-01 17:08:59.747346,0.9592788372445546,8566.191423444316,0.14650547294659805,267.08788152776503,268.1778984786388,1
64,2019-06-01 17:14:00.990677,-0.6530497514705557,8590.406831422628,-0.1904134238659448,268.1778984786388,267.2830905000324,-1
65,2019-06-01 17:19:01.869983,0.8939803718652366,8578.747261803865,0.1890219757328569,267.2830905000324,268.0892108421828,1
66,2019-06-01 17:24:03.102875,-0.74757841863126,8590.582044296349,0.7774677194082595,268.0892108421828,266.96412765891444,-1
67,2019-06-01 17:29:03.995901,0.5253992516058208,8585.53929914758,0.6857847057150395,266.96412765891444,267.9252464304272,1
68,2019-06-01 17:34:05.210421,-0.055725767472681965,8592.225152971692,0.8431851958758664,267.9252464304272,267.9376656862272,1
69,2019-06-01 17:39:06.189185,-0.4091882940792533,8582.975448746307,-0.9297683735380688,267.9376656862272,267.99990519500875,1
70,2019-06-01 17:44:07.097091,-0.9482401265075112,8599.999559407583,0.4795173019765483,267.99990519500875,269.2061550941928,1
71,2019-06-01 17:49:08.161429,-0.8575663938481641,8596.997830574512,0.9526071617163238,269.2061550941928,268.3836241761608,-1
72,2019-06-01 17:54:09.063650,0.4663692582973614,8583.10260362424,-0.8720767749770092,268.3836241761608,267.87416904768514,-1
73,2019-06-01 17:59:09.955456,0.5932350281557236,8583.643566125846,-0.9501587762360604,267.87416904768514,266.29489530387065,-1
74,2019-06-01 18:04:10.823381,0.8411952871545746,8552.093702836062,-0.6964920706743468,266.29489530387065,266.18927564174567,-1
75,2019-06-01 18:09:11.718071,-0.23685089138743035,8548.060053582485,-0.5949875123547959,266.18927564174567,265.75555864130087,-1
76,2019-06-01 18:14:12.642183,0.8184524506212081,8557.546751065405,-0.029879420897390437,265.75555864130087,265.9235909648331,1
77,2019-06-01 18:19:13.512652,-0.4849184475254964,8552.340292135712,-0.6357422050800703,265.9235909648331,266.9996654425769,1
78,2019-06-01 18:24:14.779497,0.5622138302406646,8564.341075056349,0.8380332045611397,266.9996654425769,266.2233820844019,-1
79,2019-06-01 18:29:15.685635,-0.9101155175872534,8559.506220785308,-0.1495588314418498,266.2233820844019,265.69166380775465,-1
80,2019-06-01 18:34:16.644313,0.8226308416117495,8552.746923009177,-0.7998197727905252,265.69166380775465,266.2515173833827,1
81,2019-06-01 18:39:17.554445,-0.8719500484161967,8557.100654753858,-0.15914978550467387,266.2515173833827,266.6439992713169,1
82,2019-06-01 18:44:18.784588,0.1127181203328812,8569.422115525243,-0.31212148962716524,266.6439992713169,266.95073674866575,1
83,2019-06-01 18:49:19.666528,-0.6561652856662321,8565.720172823114,-0.220782501583434,266.95073674866575,267.23582630075094,1
84,2019-06-01 18:54:20.588588,-0.8719602118783323,8565.714283118254,-0.6627997529621036,267.23582630075094,267.85089805024415,1
85,2019-06-01 18:59:21.505666,-0.7833690579698109,8581.323736126606,-0.5057299934282388,267.85089805024415,267.9526096301461,1
86,2019-06-01 19:04:22.654303,0.7218835513879189,8589.157327388337,-0.08855704679434277,267.9526096301461,266.37816144407003,-1
87,2019-06-01 19:09:23.639598,0.08946377367283358,8578.838470784016,-0.9088460560559644,266.37816144407003,266.4550247802895,1
88,2019-06-01 19:14:24.709045,0.2352085453577445,8575.572679154942,0.17665608313983602,266.4550247802895,265.750065539738,-1
89,2019-06-01 19:19:25.624773,-0.762576544607114,8555.671674200088,-0.4063410972885327,265.750065539738,265.7390110388471,-1
90,2019-06-01 19:24:26.615498,-0.9532243749449852,8554.344144536277,-0.2710781653030305,265.7390110388471,266.18991216832785,1
91,2019-06-01 19:29:27.576945,-0.20989230905178405,8562.928802021897,0.8016545863869398,266.18991216832785,265.602147387458,-1
92,2019-06-01 19:34:28.468463,-0.8974718880614001,8559.629914689562,0.3566582034351433,265.602147387458,264.33476286540326,-1
93,2019-06-01 19:39:29.702394,0.07077899243988664,8530.980798257648,-0.5209795009786328,264.33476286540326,262.98017153415293,-1
94,2019-06-01 19:44:30.652760,-0.4123449071979537,8512.377883537307,-0.22129967245046486,262.98017153415293,264.2258664935904,1
95,2019-06-01 19:49:32.248835,0.0010409680330312962,8529.922796512421,0.4744259311447901,264.2258664935904,264.0469347855208,-1
96,2019-06-01 19:54:33.498476,0.657369471994093,8533.855455858193,0.07789683093216923,264.0469347855208,264.3496689726001,1
97,2019-06-01 19:59:34.491689,-0.4328781557922589,8544.74016721115,0.1007005868242197,264.3496689726001,264.27706166504026,-1
98,2019-06-01 20:04:35.386711,-0.5911110005283216,8545.81243423696,-0.6089069832001339,264.27706166504026,265.5150375268425,1
99,2019-06-01 20:09:36.451145,0.9245451818860924,8569.679204678221,0.938939025776142,265.5150375268425,265.26334360073065,-1
100,2019-06-01 20:14:37.401287,0.018519074175251185,8560.464182030404,-0.3176158379117872,265.26334360073065,265.11955547604356,-1
101,2019-06-01 20:19:38.360687,-0.9668587877739542,8555.784643241803,0.5665342437900981,265.11955547604356,265.2234328539793,1
102,2019-06-01 20:24:39.273182,0.11443563795027514,8554.811384521887,-0.6431435021529535,265.2234328539793,265.68849487913485,1
103,2019-06-01 20:29:40.162594,0.6212510139769237,8558.750768634227,-0.2893856883817361,265.68849487913485,267.4786844014859,1
104,2019-06-01 20:34:41.495134,0.9464744197606008,8570.550498001958,0.6824911747600411,267.4786844014859,267.7252450492229,1
105,2019-06-01 20:39:43.256181,0.8322759615085328,8577.088008441095,-0.2608482289399866,267.7252450492229,268.02654065539343,1
106,2019-06-01 20:44:41.993641,-0.6362344249972316,8584.145038091778,-0.08444094110032388,268.02654065539343,267.3263654507249,-1
107,2019-06-01 20:49:42.907691,0.29457512677519543,8570.635811614571,-0.03572310512566886,267.3263654507249,266.4578176628316,-1
108,2019-06-01 20:54:43.826781,-0.8474137518624452,8568.350235685555,-0.021336969902024147,266.4578176628316,266.48532844888103,1
109,2019-06-01 20:59:45.560290,0.19442753134884835,8562.989299456129,-0.4356326283514556,266.48532844888103,267.4064763478518,1
110,2019-06-01 21:04:46.504655,0.2702118939650783,8569.370027011271,0.4277168278658971,267.4064763478518,268.20790246558397,1
111,2019-06-01 21:09:47.442693,-0.0002565131887388922,8585.684467386776,0.1247086590112775,268.20790246558397,267.5392457493331,-1
112,2019-06-01 21:14:48.331090,-0.7328634469961275,8577.389676140057,-0.8978476232914812,267.5392457493331,267.8261813909774,1
113,2019-06-01 21:19:49.210822,0.038841359709115834,8580.860724466136,-0.1046624297789437,267.8261813909774,268.3060280232329,1
114,2019-06-01 21:24:50.093340,0.4148947567600834,8591.51241779717,0.5137644246941714,268.3060280232329,267.2443621353761,-1
115,2019-06-01 21:29:50.958308,-0.3033700443020644,8575.933501280131,-0.5404764652387266,267.2443621353761,267.0924458453453,-1
116,2019-06-01 21:34:51.851295,0.043155822883831615,8564.684551142327,-0.7722619202709197,267.0924458453453,267.226349835844,1
117,2019-06-01 21:39:53.092989,-0.17442826487690707,8567.429789286067,-0.3570395650147976,267.226349835844,266.56760752617424,-1
118,2019-06-01 21:44:54.319821,0.2494556476309883,8559.960002022188,-0.15265852364507865,266.56760752617424,266.20970743555665,-1
119,2019-06-01 21:49:55.198662,-0.8785599688341142,8556.430134290626,-0.8889084716522262,266.20970743555665,266.80125498558647,1
120,2019-06-01 21:54:57.472908,-0.3789776803353797,8561.341284678409,0.2780417473248827,266.80125498558647,267.0966638861658,1
121,2019-06-01 21:59:58.385902,-0.5028677522731764,8569.417116003462,0.6472439068768054,267.0966638861658,267.10104720169613,1
122,2019-06-01 22:04:59.257611,0.1136388331105289,8566.243997542071,0.22001570507663465,267.10104720169613,267.06031515238254,-1
123,2019-06-01 22:10:00.118879,0.5614859420227709,8568.788137510528,-0.8877039715890536,267.06031515238254,267.00363107856134,-1
124,2019-06-01 22:15:01.000659,-0.5749595526958523,8575.283910457756,-0.4840496625463286,267.00363107856134,267.1498480406163,1
125,2019-06-01 22:20:01.918716,-0.8775692701147274,8577.351648826725,-0.3291379238112124,267.1498480406163,267.8648396866849,1
126,2019-06-01 22:25:02.850774,-0.7152486923046377,8575.973040213885,-0.4566717063253888,267.8648396866849,267.6439491236258,-1
127,2019-06-01 22:30:03.722751,0.6130901384743228,8572.297340914236,0.08343680451085905,267.6439491236258,266.6902291751127,-1
128,2019-06-01 22:35:04.953077,-0.8832138724794112,8558.673868047641,-0.8134525044977925,266.6902291751127,266.39404367182027,-1
129,2019-06-01 22:40:05.886412,0.544661425695541,8556.346675913897,-0.5944408178523013,266.39404367182027,264.69008450949826,-1
130,2019-06-01 22:45:06.793800,0.04165431204405271,8542.962335069458,-0.5740355439436161,264.69008450949826,266.0597185813647,1
131,2019-06-01 22:50:07.710608,-0.09654771035320277,8558.435502104338,0.8428045491303164,266.0597185813647,265.961445096306,-1
132,2019-06-01 22:55:09.092168,0.4042847464440652,8564.208595530014,-0.8003254623535823,265.961445096306,265.08385566067415,-1
133,2019-06-01 23:00:09.999262,-0.11948733779595867,8548.233938296547,0.01831935594098879,265.08385566067415,264.06138602373346,-1
134,2019-06-01 23:05:10.914449,-0.4474367932254925,8536.198862977779,-0.8931975376130877,264.06138602373346,263.9743838516517,-1
135,2019-06-01 23:10:12.174453,0.6202333462264008,8533.076032757052,0.25751363472495736,263.9743838516517,263.92778283264215,-1
136,2019-06-01 23:15:13.068759,0.7156890240521637,8540.949688139002,0.02563191858095265,263.92778283264215,264.8295371042051,1
137,2019-06-01 23:20:13.969791,-0.6992488080510738,8549.988968916612,-0.15552258093551236,264.8295371042051,265.2601774966383,1
138,2019-06-01 23:25:14.840513,-0.13841838200926926,8555.054003287914,0.5794915019222272,265.2601774966383,265.5643291617849,1
139,2019-06-01 23:30:15.747141,-0.7664312250205145,8560.672147368685,0.8268458554693128,265.5643291617849,265.64846837244585,1
140,2019-06-01 23:35:16.637844,-0.3515050131525417,8565.49611685745,0.8843345348588574,265.64846837244585,265.44411537229496,-1
141,2019-06-01 23:40:17.500923,0.37597925942348187,8564.186438143237,-0.8972109701343839,265.44411537229496,265.4577511005693,1
142,2019-06-01 23:45:18.612827,0.40767864728304604,8555.172834741383,0.5946152867031477,265.4577511005693,264.6644632281581,-1
143,2019-06-01 23:50:19.485451,-0.5513742236768616,8555.038094374397,-0.31040311079838834,264.6644632281581,265.1559006558809,1
144,2019-06-01 23:55:20.384217,-0.2763485757871279,8555.98470311757,0.5586141968209958,265.1559006558809,264.94212588011766,-1
145,2019-06-02 00:00:21.269255,0.9924374053411564,8551.050581468937,-0.34784335558382423,264.94212588011766,265.3796412660406,1
146,2019-06-02 00:05:22.137640,-0.31106284767455605,8546.806376703022,0.7661151293204032,265.3796412660406,265.8983303077347,1
147,2019-06-02 00:10:23.035415,0.3241188638159349,8551.827037979472,-0.2272999698721579,265.8983303077347,265.0667113583916,-1
148,2019-06-02 00:15:23.933680,-0.6259904349786677,8549.699969469259,-0.6170235751383707,265.0667113583916,264.8308111619346,-1
149,2019-06-02 00:20:24.802539,-0.2188202475191004,8545.20655782308,-0.3062289026979758,264.8308111619346,266.0262878680323,1
150,2019-06-02 00:25:26.478736,0.599632348627479,8553.148948390652,0.5873434227741812,266.0262878680323,265.33941602978825,-1
151,2019-06-02 00:30:27.356823,0.07506828902072905,8545.721280703212,-0.05147036672547883,265.33941602978825,265.80943878791754,1
152,2019-06-02 00:35:28.261681,0.14914370738859473,8548.517074903344,0.2227387512081952,265.80943878791754,266.03776024195804,1
153,2019-06-02 00:40:29.152681,-0.5809620432817431,8554.23021037752,0.450806981826476,266.03776024195804,266.62055683929765,1
154,2019-06-02 00:45:30.381757,-0.5041168000412826,8557.097120733786,-0.19352467421648348,266.62055683929765,267.06239761582043,1
155,2019-06-02 00:50:31.445576,-0.3302922927958543,8572.395693152033,-0.6329234391349803,267.06239761582043,266.78658417197164,-1
156,2019-06-02 00:55:32.669077,-0.5172504519472523,8569.766896569601,-0.08316115582387297,266.78658417197164,266.569095074918,-1
157,2019-06-02 01:00:33.559301,-0.8580282446546501,8565.725113916356,-0.047135537752130016,266.569095074918,266.69421722840116,1
158,2019-06-02 01:05:34.838553,-0.05648834699233742,8573.461052515624,-0.3514523207948333,266.69421722840116,266.76648442236115,1
159,2019-06-02 01:10:35.698630,-0.22449355334439175,8577.327455844716,0.03940672038159215,266.76648442236115,266.6080389798128,-1
160,2019-06-02 01:15:36.556364,0.16760480086069462,8571.087862640341,0.20540250256571901,266.6080389798128,266.0074058228317,-1
161,2019-06-02 01:20:37.435945,-0.8127267126976379,8561.227930126463,-0.2260371293827796,266.0074058228317,266.0426617763596,1
162,2019-06-02 01:25:38.320734,0.08668945659898825,8562.861248217849,0.01960632219378184,266.0426617763596,265.38187439890044,-1
163,2019-06-02 01:30:39.191881,-0.5554130957242109,8557.187703792622,-0.8009971886064218,265.38187439890044,265.74352733541247,1
164,2019-06-02 01:35:40.089707,0.3414166085535683,8562.121467855264,-0.6812409352323123,265.74352733541247,266.7004256320114,1
165,2019-06-02 01:40:41.198742,0.05686836349211731,8557.03678248934,-0.16862871381435907,266.7004256320114,266.7992216008496,1
166,2019-06-02 01:45:42.054665,0.9001202235409529,8560.542889912062,-0.5155441493245271,266.7992216008496,267.6001738236011,1
167,2019-06-02 01:50:43.670738,-0.6977122703441412,8568.010160567495,-0.7625553578682104,267.6001738236011,267.55860139843946,-1
168,2019-06-02 01:55:44.539635,-0.2729129488953454,8575.074030893833,0.5302597209304046,267.55860139843946,268.37222106383075,1
169,2019-06-02 02:00:45.427361,-0.6798811289949384,8587.785220254196,-0.41676468389081417,268.37222106383075,267.67723293477104,-1
170,2019-06-02 02:05:46.946995,0.2573470065465205,8576.255231286845,-0.07411990358248029,267.67723293477104,267.6431707507057,-1
171,2019-06-02 02:10:47.818745,0.3408642080727807,8579.88087280942,-0.23090223786869624,267.6431707507057,267.7107645001529,1
172,2019-06-02 02:15:48.701029,-0.5186163764158482,8581.59832715264,0.3618174833302243,267.7107645001529,266.7142179990122,-1
173,2019-06-02 02:20:49.560616,0.2607802952710713,8570.797790923942,-0.6869737711767654,266.7142179990122,266.9497888040537,1
174,2019-06-02 02:25:50.775712,0.6793710919268766,8570.051957874555,-0.8211296270830725,266.9497888040537,266.8519867790758,-1
175,2019-06-02 02:30:51.650584,0.3332063279141021,8565.950600186636,-0.6280957507780879,266.8519867790758,267.2861719956982,1
176,2019-06-02 02:35:52.513527,-0.13806217678940805,8578.297778238699,0.22103184404808499,267.2861719956982,267.23409036681846,-1
177,2019-06-02 02:40:53.866277,0.597262345716594,8574.159032963076,-0.5159421883900582,267.23409036681846,267.02082723398183,-1
178,2019-06-02 02:45:54.732273,-0.20108464459654826,8564.137668288738,-0.0989736759277555,267.02082723398183,267.6158154240252,1
179,2019-06-02 02:50:55.582293,0.7992229714316884,8582.583932140991,0.31374167594575536,267.6158154240252,267.7064246550434,1
180,2019-06-02 02:55:56.459722,-0.2021672790921474,8577.905129298,-0.14554018948690128,267.7064246550434,267.78610087961283,1
181,2019-06-02 03:00:57.329586,0.5057222239660847,8580.746649449036,0.13664681673284618,267.78610087961283,267.90029636865137,1
182,2019-06-02 03:05:58.208668,0.2200801698543876,8580.976833844688,-0.25646414250100985,267.90029636865137,268.49911459902285,1
183,2019-06-02 03:10:59.836859,0.4112389151049536,8592.170000000002,0.0361411275723947,268.49911459902285,268.06245782063684,-1
184,2019-06-02 03:16:00.712742,-0.5444030536212845,8581.640366155305,-0.8502165580568287,268.06245782063684,268.1488712110972,1
185,2019-06-02 03:21:01.581722,0.2356806133584431,8584.902206173638,0.4990674408917227,268.1488712110972,268.07720503015463,-1
186,2019-06-02 03:26:02.789724,0.6247394331907425,8585.832657994451,-0.38481267843465455,268.07720503015463,268.5355704871982,1
187,2019-06-02 03:31:03.690447,0.11935013008390033,8584.923348250146,-0.3051445673329409,268.5355704871982,270.136376304264,1
188,2019-06-02 03:36:04.557522,0.9261603193201724,8650.154302648018,0.11303689773521194,270.136376304264,271.79568188111404,1
189,2019-06-02 03:41:05.420286,-0.2806262048920335,8703.147232170442,0.8015899353292556,271.79568188111404,271.6999291773016,-1
190,2019-06-02 03:46:06.296726,0.09697201642589726,8727.557687210441,0.020822637108722158,271.6999291773016,270.8521326500142,-1
191,2019-06-02 03:51:07.162752,-0.6393981378007904,8689.26439441895,-0.116724438351334,270.8521326500142,271.17890896931146,1
192,2019-06-02 03:56:08.050652,-0.3771085685752551,8697.64404931675,0.4878096232017301,271.17890896931146,272.0990493934381,1
193,2019-06-02 04:01:08.955629,-0.4923279563231485,8722.214154962334,-0.049586978375117344,272.0990493934381,270.944827387818,-1
194,2019-06-02 04:06:09.822971,-0.6300333105262471,8696.21232169279,-0.6247536895349481,270.944827387818,270.2954407445968,-1
195,2019-06-02 04:11:10.678326,0.7024149515818313,8671.535146489205,0.33459477539560084,270.2954407445968,270.91296931112674,1
196,2019-06-02 04:16:11.531545,0.3898493998224887,8691.611198228346,-0.5080466473701312,270.91296931112674,271.1748689842767,1
197,2019-06-02 04:21:12.404438,-0.4647729191351637,8693.592640956085,0.35314051941898383,271.1748689842767,271.27628406945155,1
198,2019-06-02 04:26:13.266481,0.4707259476865499,8700.050068118824,-0.26983912689249456,271.27628406945155,272.08963518599967,1
199,2019-06-02 04:31:14.126716,-0.9279789052226104,8723.584617010942,0.4851832835554672,272.08963518599967,272.25769541407703,1
200,2019-06-02 04:36:14.977598,0.239180756087652,8732.095414231131,0.3956282432602204,272.25769541407703,272.85067366399966,1
201,2019-06-02 04:41:15.838569,0.02372808481357498,8748.772196751122,-0.7662542015283559,272.85067366399966,271.4476554075888,-1
202,2019-06-02 04:46:16.714781,0.6351298935068097,8708.349234516614,0.07957000345038757,271.4476554075888,271.53536234276964,1
203,2019-06-02 04:51:17.594452,-0.8295738039323309,8717.786463669703,-0.5640759913886322,271.53536234276964,271.56849572872153,1
204,2019-06-02 04:56:18.466683,0.3312626990795652,8715.20307498981,-0.13571422016704432,271.56849572872153,272.0928925964474,1
205,2019-06-02 05:01:19.334685,-0.9521640320989352,8724.93040004723,-0.2624268951068351,272.0928925964474,271.93554538000103,-1
206,2019-06-02 05:06:20.205545,0.7288294354690109,8733.274680544175,0.25730722248964544,271.93554538000103,271.5288335219854,-1
207,2019-06-02 05:11:21.062321,-0.4796165246828154,8724.021357352593,-0.5170531682531486,271.5288335219854,271.2580330315796,-1
208,2019-06-02 05:16:21.938554,-0.9156076594124388,8714.967019148748,-0.2361599046226485,271.2580330315796,271.06376816027995,-1
209,2019-06-02 05:21:22.807776,0.712664136325653,8709.202980701932,-0.5897353183484452,271.06376816027995,270.31030577450235,-1
210,2019-06-02 05:26:23.682141,0.5996231149839598,8688.856430194437,0.2591855331278189,270.31030577450235,270.52187680644903,1
211,2019-06-02 05:31:24.559102,-0.2789454979658462,8704.006692392224,-0.008538994687228659,270.52187680644903,270.8505883630151,1
212,2019-06-02 05:36:25.774719,0.16660609148872058,8714.000264687149,-0.8534767813328186,270.8505883630151,271.1474565047814,1
213,2019-06-02 05:41:26.640695,-0.2838369524331472,8710.154561531084,-0.03024446156339408,271.1474565047814,271.43120639892294,1
214,2019-06-02 05:46:27.485684,0.4068680492589543,8711.29848640251,0.3581567282975981,271.43120639892294,271.40005361118995,-1
215,2019-06-02 05:51:28.348780,-0.7178105633956703,8718.277111873604,-0.470761588137745,271.40005361118995,271.3417332829982,-1
216,2019-06-02 05:56:29.216313,-0.11747647438197988,8706.293245083289,-0.7580023134700173,271.3417332829982,271.1123626150325,-1
217,2019-06-02 06:01:30.093237,0.3376214343294603,8702.66439492384,0.3163565576437103,271.1123626150325,270.54841766277576,-1
218,2019-06-02 06:06:30.956954,-0.8742006388616076,8692.939286572571,0.4149212121783339,270.54841766277576,270.26207939583617,-1
219,2019-06-02 06:11:32.169743,-0.8312352316213445,8683.232172008762,0.4892301044831302,270.26207939583617,269.91472106896634,-1
220,2019-06-02 06:16:33.042556,-0.42487049719635933,8683.837526044352,-0.9123139195364248,269.91472106896634,270.1628190891006,1
221,2019-06-02 06:21:33.915842,-0.29952383811263794,8694.530733625385,-0.429754346811577,270.1628190891006,269.90749852567603,-1
222,2019-06-02 06:26:34.844760,-0.8892053331700539,8685.540341333735,-0.18054278495865145,269.90749852567603,269.907453330204,-1
223,2019-06-02 06:31:35.724741,-0.6006950580677727,8684.514037020124,-0.198345415576443,269.907453330204,270.07609480539685,1
224,2019-06-02 06:36:36.605762,0.8188898897706237,8690.388971789664,-0.08794244330712211,270.07609480539685,270.23556643310656,1
225,2019-06-02 06:41:37.481361,0.17661191361129713,8707.958592416084,0.4185727862353952,270.23556643310656,270.0617099252264,-1
226,2019-06-02 06:46:38.341720,0.025679025584013013,8699.930069389711,-0.022770142970217518,270.0617099252264,270.33477063942945,1
227,2019-06-02 06:51:39.196748,0.5728455103512792,8703.58587591761,0.3455396231074409,270.33477063942945,270.34588370987854,1
228,2019-06-02 06:56:40.079263,-0.2042994997509948,8709.495275399779,-0.006559492510856961,270.34588370987854,270.4782507451107,1
229,2019-06-02 07:01:40.961746,-0.5991158992802862,8712.052242850052,-0.6509066473980197,270.4782507451107,270.4987456504819,1
230,2019-06-02 07:06:41.820672,0.7529723881026572,8709.003898362347,-0.29716853919394465,270.4987456504819,270.8816886496867,1
231,2019-06-02 07:11:42.687506,-0.45653845148983097,8718.902177312004,0.18767942647241892,270.8816886496867,271.00411557414293,1
232,2019-06-02 07:16:43.626505,0.5910737979725518,8726.107287541447,-0.3211085530109451,271.00411557414293,271.0177698680178,1
233,2019-06-02 07:21:45.193667,-0.08949847801369773,8724.89089088939,0.3269764896418303,271.0177698680178,271.1249764556493,1
234,2019-06-02 07:26:46.054239,-0.6835200070746467,8715.726484394921,-0.10312332728331064,271.1249764556493,270.54847657420186,-1
235,2019-06-02 07:31:46.933573,-0.4221152269139778,8708.680489422466,-0.23281660214989006,270.54847657420186,269.6012566682504,-1
236,2019-06-02 07:36:47.789646,-0.9298414145469908,8700.75612981801,0.04349141661358377,269.6012566682504,269.826604824045,1
237,2019-06-02 07:41:48.647649,-0.9012166192530884,8705.464598493138,-0.4686396583813132,269.826604824045,269.78758330118734,-1
238,2019-06-02 07:46:49.537712,-0.362585114406079,8705.935927895885,0.4850220359517983,269.78758330118734,270.38362531963816,1
239,2019-06-02 07:51:50.421569,0.3493612403193244,8722.081151201006,-0.4366208876585948,270.38362531963816,270.3789799109328,-1
240,2019-06-02 07:56:51.291278,-0.02851947348950498,8720.756448752956,-0.1170679449398999,270.3789799109328,271.20381839831765,1
241,2019-06-02 08:01:52.184737,0.6900662345976291,8736.23521738263,0.5679780548183677,271.20381839831765,272.21549822546064,1
242,2019-06-02 08:06:53.053918,0.0775380911836331,8792.106216782246,0.16328988300510078,272.21549822546064,271.7194674893439,-1
243,2019-06-02 08:11:53.925705,0.1180885854226793,8776.55558016107,0.016456135527635647,271.7194674893439,271.8754071155193,1
244,2019-06-02 08:16:55.119547,0.4785492409036989,8786.62166588904,-0.3336162438102465,271.8754071155193,271.6201415984904,-1
245,2019-06-02 08:21:56.002643,-0.7626129861112136,8771.732811185566,-0.4978528559516293,271.6201415984904,271.59261406070357,-1
246,2019-06-02 08:26:56.883636,-0.4703783060454711,8768.41111371068,0.3562769851759218,271.59261406070357,271.73016092120366,1
247,2019-06-02 08:31:57.732729,0.7988598556236478,8776.580703777385,-0.5577594570667083,271.73016092120366,271.8173162361557,1
248,2019-06-02 08:36:58.616437,0.4760928011388243,8783.825157422247,-0.037798572891319916,271.8173162361557,272.32053564535266,1
249,2019-06-02 08:41:59.464768,0.8669795159527697,8790.21526599571,0.3024928742950133,272.32053564535266,272.5079004483831,1
250,2019-06-02 08:47:00.351648,-0.4442350771039664,8811.03251278355,-0.9134305881057778,272.5079004483831,271.7757909872745,-1
251,2019-06-02 08:52:01.225730,0.24896956961980876,8792.731789204961,0.3342841161634625,271.7757909872745,271.5058208593404,-1
252,2019-06-02 08:57:02.116516,-0.02606103700809549,8780.954480733431,-0.940366124430518,271.5058208593404,271.2000896873217,-1
253,2019-06-02 09:02:02.994561,-0.6486862349599084,8773.872441849066,-0.9463847629238024,271.2000896873217,268.4316685226679,-1
254,2019-06-02 09:07:03.926657,-0.6627443977883786,8686.423837383145,0.16102906336267162,268.4316685226679,269.28909834478355,1
255,2019-06-02 09:12:04.796045,-0.31317571661480537,8714.960892457239,0.07019641191731274,269.28909834478355,268.12455449584803,-1
256,2019-06-02 09:17:05.807479,-0.7908975757889636,8678.911424085662,0.3465899111724231,268.12455449584803,268.30915673316525,1
257,2019-06-02 09:22:06.701738,0.4049995850854278,8658.64510381884,0.5436607733025404,268.30915673316525,267.88551698382423,-1
258,2019-06-02 09:27:07.583716,0.5490777188668569,8660.236949886475,-0.4158468796100823,267.88551698382423,267.943319558065,1
259,2019-06-02 09:32:08.459639,-0.8857276410667657,8663.855753827434,-0.46114000435652003,267.943319558065,268.6243504257333,1
260,2019-06-02 09:37:09.354832,-0.8915469532338446,8687.022679732368,-0.2919621373187696,268.6243504257333,268.55325986565117,-1
261,2019-06-02 09:42:10.251183,0.46390076466072405,8679.832140859016,0.14776297208105407,268.55325986565117,268.6908294716131,1
262,2019-06-02 09:47:12.131561,0.8556311363343867,8690.225302167792,0.222258206541695,268.6908294716131,267.9642350295586,-1
263,2019-06-02 09:52:13.028576,-0.8582080571862938,8673.793846890356,-0.3977388027625726,267.9642350295586,267.62289042457354,-1
264,2019-06-02 09:57:14.606364,0.6750959854567301,8650.534795044952,-0.6330405745374023,267.62289042457354,268.28457843117457,1
265,2019-06-02 10:02:15.474692,-0.3909694906568341,8677.94753911547,0.5632987323868724,268.28457843117457,268.26867193149184,-1
266,2019-06-02 10:07:16.378521,-0.243070281657224,8678.289656178824,0.3105601089822946,268.26867193149184,268.81460200278724,1
267,2019-06-02 10:12:17.593738,0.9118539374288536,8697.422708553906,-0.13472174784818522,268.81460200278724,268.6750914742591,-1
268,2019-06-02 10:17:18.750158,0.8721038090017162,8694.4894674328,0.4348953417380713,268.6750914742591,268.8923643837965,1
269,2019-06-02 10:22:19.665265,-0.3421732793528797,8696.12366068416,-0.3404627993445051,268.8923643837965,268.8067399825796,-1
270,2019-06-02 10:27:20.548535,-0.3537742331418558,8684.992992983649,-0.4941582834741957,268.8067399825796,268.28604797599536,-1
271,2019-06-02 10:32:21.421919,-0.4750360459514864,8666.99740611044,-0.3156748156740363,268.28604797599536,268.10741060139117,-1
272,2019-06-02 10:37:22.485155,-0.30927061992423904,8666.312341854726,-0.3620039654841729,268.10741060139117,267.9147334885295,-1
273,2019-06-02 10:42:23.421236,0.046998672163916094,8658.915435743238,-0.16053427435753054,267.9147334885295,267.6834284025127,-1
274,2019-06-02 10:47:24.365674,-0.2665996254585679,8656.61503342969,0.2294431267339781,267.6834284025127,268.0534793522984,1
275,2019-06-02 10:52:25.255057,-0.8459926407376637,8667.890698371944,-0.638647283349406,268.0534793522984,267.8825317656276,-1
276,2019-06-02 10:57:26.137703,0.3099441402850065,8665.971495512324,-0.036738132899263344,267.8825317656276,268.1296810004381,1
277,2019-06-02 11:02:27.062279,-0.9559759743779782,8679.917980928578,0.44029274993628736,268.1296810004381,268.5749354882028,1
278,2019-06-02 11:07:27.945832,-0.4103757903074571,8690.871617573535,-0.11770536109415075,268.5749354882028,269.0225103428499,1
279,2019-06-02 11:12:29.554434,-0.2178178831131146,8689.857193727254,-0.4241578654291934,269.0225103428499,268.5006424528207,-1
280,2019-06-02 11:17:30.461305,-0.984949496830695,8679.997558571118,-0.10899742009325757,268.5006424528207,268.41952127768496,-1
281,2019-06-02 11:22:31.393591,-0.903483530690442,8673.579004197874,0.23910829715919416,268.41952127768496,267.8392730813712,-1
282,2019-06-02 11:27:32.296746,-0.9803022276221672,8664.669865555608,0.032605121260473005,267.8392730813712,267.6522622558817,-1
283,2019-06-02 11:32:33.218809,-0.4960383612650411,8656.252518319958,-0.42930277461089655,267.6522622558817,268.33158113285515,1
284,2019-06-02 11:37:34.117941,0.5892351149695931,8670.369107161838,0.4997614945141405,268.33158113285515,268.7421833292699,1
285,2019-06-02 11:42:34.984433,-0.7708238759493531,8679.992612546188,0.9550814983117336,268.7421833292699,268.32450047130163,-1
286,2019-06-02 11:47:35.906703,-0.6127232808706561,8678.599488574395,0.1651260770936997,268.32450047130163,267.9226395207758,-1
287,2019-06-02 11:52:37.185601,-0.13759028206604207,8662.296345394829,-0.6965621224371625,267.9226395207758,268.00032889622054,1
288,2019-06-02 11:57:38.076816,0.7218022320975827,8672.960484960397,0.9321630227003752,268.00032889622054,266.71047042015516,-1
289,2019-06-02 12:02:39.715355,0.7919771235714184,8650.924068518962,0.2058417175672829,266.71047042015516,267.1281818333306,1
290,2019-06-02 12:07:40.607644,-0.9385398664464636,8656.50908312606,0.026052148199124648,267.1281818333306,266.93827279313564,-1
291,2019-06-02 12:12:41.500596,-0.15015582962171248,8661.083107444601,0.9462454898949434,266.93827279313564,267.2680494916268,1
292,2019-06-02 12:17:42.409010,-0.445312036390334,8672.282852665558,-0.7835372915117669,267.2680494916268,267.9504383088719,1
293,2019-06-02 12:22:43.294664,-0.9242113178732156,8690.970070260846,-0.8161200552113126,267.9504383088719,268.6238043271553,1
294,2019-06-02 12:27:44.582514,0.1976544115015587,8701.853550381455,0.8131310609576425,268.6238043271553,268.1467343923124,-1
295,2019-06-02 12:32:45.477855,-0.9341248556082172,8694.645050060637,-0.1710458239173488,268.1467343923124,268.363849328229,1
296,2019-06-02 12:37:46.387953,0.062105195927955915,8697.866578347994,-0.7617115642223917,268.363849328229,267.9405869404773,-1
297,2019-06-02 12:42:47.255092,0.6398748474485252,8687.526134653228,0.3054848888165128,267.9405869404773,267.7250791957273,-1
298,2019-06-02 12:47:49.015539,-0.4787045131356162,8684.773668416705,-0.10804714125429228,267.7250791957273,267.529238968137,-1
299,2019-06-02 12:52:49.871722,0.8248026819853475,8675.812331763183,0.32154498104255586,267.529238968137,267.55718261113645,1
300,2019-06-02 12:57:51.112718,0.3806627083897094,8676.15734198197,0.09226702006278703,267.55718261113645,268.12341510248376,1
301,2019-06-02 13:02:51.957626,0.6280320462017162,8694.34675372096,0.9196909667373028,268.12341510248376,268.2,1
302,2019-06-02 13:07:52.964115,0.14618815051718725,8685.708393828148,0.4425544513358713,268.2,268.23715819284644,1
303,2019-06-02 13:12:53.891708,-0.33179699905447324,8687.931340709587,-0.21445221057228187,268.23715819284644,268.5721976018507,1
304,2019-06-02 13:17:54.744393,0.5039581443862209,8699.99172397171,0.9703280766321182,268.5721976018507,268.7104032712652,1
305,2019-06-02 13:22:55.648703,0.7249626638426049,8696.909634042306,-0.050330795081038535,268.7104032712652,268.3477803953243,-1
306,2019-06-02 13:27:56.532788,0.12920917626254105,8676.650341654069,-0.842013182465595,268.3477803953243,268.0406207956023,-1
307,2019-06-02 13:32:57.424657,0.9794192734923054,8678.633528089396,-0.3715111841655381,268.0406207956023,267.9866279250338,-1
308,2019-06-02 13:37:58.348891,-0.6236845133952287,8677.994805065233,0.14235853921586025,267.9866279250338,267.9599999999999,-1
309,2019-06-02 13:42:59.254665,0.640033862234073,8672.454669150013,0.8644183063343224,267.9599999999999,267.50314487677844,-1
310,2019-06-02 13:48:00.127655,-0.3491109041148125,8668.2109751477,-0.18163999504646072,267.50314487677844,267.92573375461757,1
311,2019-06-02 13:53:01.104483,-0.5592688161169167,8667.433028663621,-0.2552276341534007,267.92573375461757,267.55352818993566,-1
312,2019-06-02 13:58:02.413732,0.7296753144829629,8646.288593899539,0.13086802917641258,267.55352818993566,266.90445170690555,-1
313,2019-06-02 14:03:03.691736,0.3979851693767851,8632.158815068837,-0.6970941686514271,266.90445170690555,266.7749077003293,-1
314,2019-06-02 14:08:04.570689,-0.3681697418622456,8641.060053093113,0.17644730979341486,266.7749077003293,267.36103767090475,1
315,2019-06-02 14:13:05.460771,0.08404518150031311,8662.824105833908,0.1951420192992772,267.36103767090475,266.8674984357497,-1
316,2019-06-02 14:18:06.370840,0.09245582114790224,8642.179359170175,-0.2756300656944311,266.8674984357497,269.75573991936903,1
317,2019-06-02 19:15:56.760102,0.8165865849132522,8735.199458970086,-0.5938126039387502,269.75573991936903,270.2767258552638,1
318,2019-06-02 19:20:57.677873,-0.3563766836033172,8736.546172285947,0.3703869494246179,270.2767258552638,269.93897776336104,-1
319,2019-06-02 19:25:59.074663,0.6866336304331049,8730.911553082853,-0.7084807212359074,269.93897776336104,270.027471943032,1
320,2019-06-02 19:31:00.008472,0.9023263164083714,8735.93406633851,-0.4288830043373376,270.027471943032,269.42994112266547,-1
321,2019-06-02 19:36:01.257224,-0.7264397024068618,8725.885115343759,0.22438828944512093,269.42994112266547,269.9746615001449,1
322,2019-06-02 19:41:02.137874,0.5656055387382672,8739.331907917329,0.7321283748963939,269.9746615001449,269.98541266901026,1
323,2019-06-02 19:46:03.380554,-0.2737144394609681,8736.300291129635,0.14506176800303489,269.98541266901026,269.8432440903088,-1
324,2019-06-02 19:51:04.253251,0.7060310182325457,8734.811988064825,0.1900003864434771,269.8432440903088,269.01287827816134,-1
325,2019-06-02 19:56:05.098967,-0.7147904954581856,8725.13401732075,0.4696632047051625,269.01287827816134,268.9169293336224,-1
326,2019-06-02 20:01:05.988621,-0.0370954899912935,8731.532806178486,-0.0375277348140322,268.9169293336224,267.6583615038641,-1
327,2019-06-02 20:06:06.881208,-0.4101993656161973,8695.9013252987,0.3359476397313437,267.6583615038641,267.67834922982644,1
328,2019-06-02 20:11:07.787846,0.2713001021013824,8692.916769554902,-0.23909185463649985,267.67834922982644,266.64993242416216,-1
329,2019-06-02 20:16:09.034517,0.5926711020057172,8684.181642487802,-0.5422333587324439,266.64993242416216,266.7923233391634,1
330,2019-06-02 20:21:10.038836,-0.002323448872685637,8682.734116270209,0.060301372913223024,266.7923233391634,267.2062315679829,1
331,2019-06-02 20:26:10.917490,0.38990094879820103,8687.629251872784,0.7636034817743046,267.2062315679829,267.4497857767867,1
332,2019-06-02 20:31:12.162165,-0.7065884227166801,8684.161445963571,0.1231690056928744,267.4497857767867,267.26981580664534,-1
333,2019-06-02 20:36:13.072734,-0.4282344430158442,8679.986931166377,0.115032121776032,267.26981580664534,266.72453206435534,-1
334,2019-06-02 20:41:13.970338,-0.19314055397479107,8671.935008667142,-0.4288768281303784,266.72453206435534,265.9957111469525,-1
335,2019-06-02 20:46:15.056438,-0.16968599611233953,8662.922503103891,-0.4520450003106275,265.9957111469525,266.3222284597881,1
336,2019-06-02 20:51:15.968024,0.4510269931153546,8666.93299599193,0.02248262590704631,266.3222284597881,266.58708489879655,1
337,2019-06-02 20:56:16.884557,-0.19211864837553894,8669.980303466595,-0.2960241690942579,266.58708489879655,265.13748665061667,-1
338,2019-06-02 21:01:17.794258,-0.11338657056548265,8631.867197040176,-0.3153389543270521,265.13748665061667,264.93324269258966,-1
339,2019-06-02 21:06:18.706821,-0.4170855449380557,8627.314874454058,-0.3702528582264815,264.93324269258966,265.42668349347593,1
340,2019-06-02 21:11:19.590608,-0.1609993527963996,8632.766892806509,0.3706767291368505,265.42668349347593,265.9491639897213,1
341,2019-06-02 21:16:20.489180,-0.38557272698778416,8635.906466975417,0.29408716195091883,265.9491639897213,266.60404077676793,1
342,2019-06-02 21:21:21.402761,0.44695870247756864,8650.674025443275,0.5579338879713377,266.60404077676793,266.7770672818059,1
343,2019-06-02 21:26:22.317299,0.6339778937552176,8661.024623735117,0.256910176247451,266.7770672818059,267.02032608606163,1
344,2019-06-02 21:31:23.203933,-0.19034607658678396,8676.71583388915,-0.7924434672267064,267.02032608606163,266.93029422352026,-1
345,2019-06-02 21:36:24.064701,0.35816884531462817,8676.89191857231,-0.1886337692847866,266.93029422352026,266.95211931997284,1
346,2019-06-02 21:41:24.993222,-0.94828574206448,8670.797620635321,-0.2580515098514081,266.95211931997284,267.269135799423,1
347,2019-06-02 21:46:26.236900,0.9089132684668352,8691.809349553989,0.2451415495768609,267.269135799423,267.2516849843039,-1
348,2019-06-02 21:51:27.118547,0.1695151873337036,8680.431624516516,-0.5716875013621523,267.2516849843039,267.05732947207264,-1
349,2019-06-02 21:56:28.003185,-0.9548397788310988,8683.303848941125,-0.2625004674422743,267.05732947207264,266.6517824123309,-1
350,2019-06-02 22:01:28.891813,0.06979283145960044,8670.286198813896,-0.3887189180750616,266.6517824123309,266.48278571453807,-1
351,2019-06-02 22:06:29.773459,0.9489393792927976,8652.204813576165,-0.03599934309581724,266.48278571453807,267.32467979225487,1
352,2019-06-02 22:11:30.982231,0.10855551791821906,8694.692915296291,0.1429025475187709,267.32467979225487,267.4259263576909,1
353,2019-06-02 22:16:32.130269,0.6629822491359108,8693.100310223299,-0.2281496215819648,267.4259263576909,266.98741954863897,-1
354,2019-06-02 22:21:33.004949,-0.2960567093158196,8674.135802329454,-0.17248393026268036,266.98741954863897,266.55596881642504,-1
355,2019-06-02 22:26:34.219686,0.7612723794191149,8658.952666879,0.3999242949029306,266.55596881642504,267.8892919301761,1
356,2019-06-02 22:31:35.113300,-0.7647634231533017,8685.783902553007,-0.25130977865430426,267.8892919301761,268.6460871211341,1
357,2019-06-02 22:36:36.003922,-0.08095410014423879,8685.245956475215,0.27975390017398005,268.6460871211341,268.9337879678203,1
358,2019-06-02 22:41:36.884605,0.6783724892813588,8686.814232430537,-0.5904531825081513,268.9337879678203,269.11421594088483,1
359,2019-06-02 22:46:37.740322,-0.3882610676014257,8685.816902725304,0.08187210123844732,269.11421594088483,269.20620883750763,1
360,2019-06-02 22:51:38.617977,0.1973236486892469,8688.477533940797,-0.11343426215235936,269.20620883750763,268.35500244261453,-1
361,2019-06-02 22:56:39.852682,0.36927988720415217,8679.314488995515,0.22044901220585766,268.35500244261453,268.77176592318045,1
362,2019-06-02 23:01:40.746294,0.7165808492704197,8677.363318270614,0.1873054126021673,268.77176592318045,268.9369867060561,1
363,2019-06-02 23:06:43.035178,-0.2613915951611106,8674.920485378758,-0.024760385358919557,268.9369867060561,269.4833236598422,1
364,2019-06-02 23:11:43.912837,0.4775411609647124,8682.084191115797,0.05273921177953319,269.4833236598422,268.9776677318892,-1
365,2019-06-02 23:16:44.804129,0.006801979824873418,8682.718171701645,-0.08689128448248333,268.9776677318892,268.6146901656336,-1
366,2019-06-02 23:21:45.768555,-0.7758419859586817,8676.107969933277,-0.6539797332133704,268.6146901656336,268.4274283508763,-1
367,2019-06-02 23:26:46.894548,-0.012521868132396757,8678.538547512777,-0.3464249115296429,268.4274283508763,269.0213119194809,1
368,2019-06-02 23:31:47.970674,0.20061223872479256,8694.852154132954,0.3347255254027957,269.0213119194809,268.7984346314074,-1
369,2019-06-02 23:36:48.830378,-0.06981756991061379,8676.511614070254,0.3474725862096133,268.7984346314074,268.47345297175787,-1
370,2019-06-02 23:41:49.723993,0.7316491160629508,8675.824533248699,0.24926073291483644,268.47345297175787,268.9317195760986,1
371,2019-06-02 23:46:50.641544,-0.1468659065634108,8676.89878520138,0.03962917732665114,268.9317195760986,267.93947669505957,-1
372,2019-06-02 23:51:51.564081,0.06465342432200917,8659.118025576838,-0.07646808624580825,267.93947669505957,267.68086754985063,-1
373,2019-06-02 23:56:53.076041,-0.5296177794528653,8653.976857964575,0.049438902715441095,267.68086754985063,268.49972952921644,1
374,2019-06-03 00:01:54.281820,-0.344139179375102,8660.435083078979,-0.6414166239811833,268.49972952921644,268.12077154378017,-1
375,2019-06-03 00:06:55.985296,0.181036436444987,8650.921138736228,0.15989986017879346,268.12077154378017,268.5865096025708,1
376,2019-06-03 00:11:56.852965,0.9571394007479131,8663.317830068258,-0.4365300713380311,268.5865096025708,268.6743909569253,1
377,2019-06-03 00:16:57.718642,0.6219742072417883,8671.945864731875,-0.003439633730101537,268.6743909569253,268.4660346736523,-1
378,2019-06-03 00:21:58.607272,0.6374405158323131,8663.086892881121,-0.023447511033559403,268.4660346736523,268.0183966927244,-1
379,2019-06-03 00:26:59.818036,0.08006154604108702,8661.056945590284,0.3651001865761566,268.0183966927244,267.7512256063536,-1
380,2019-06-03 00:32:00.672754,-0.4007945608659278,8653.441097391355,-0.22512370082772684,267.7512256063536,267.9999194807477,1
381,2019-06-03 00:37:01.525478,-0.7338011063914467,8651.928037300091,-0.7161278425785975,267.9999194807477,268.14350693391225,1
382,2019-06-03 00:42:02.385185,-0.20152453253371547,8659.086902253672,-0.1246418767197848,268.14350693391225,267.9063423496482,-1
383,2019-06-03 00:47:03.239922,0.2224687862982832,8646.230339704132,0.3651624603370769,267.9063423496482,267.8298600617763,-1
384,2019-06-03 00:52:04.123544,-0.7676149463694648,8651.398719693176,-0.33954091645304313,267.8298600617763,268.45138325673605,1
385,2019-06-03 00:57:05.006188,-0.5420284399955976,8666.603955607232,-0.6443966246642612,268.45138325673605,268.2900470225743,-1
386,2019-06-03 01:02:05.863897,-0.2158914335751692,8664.013168214673,-0.12199001726343928,268.2900470225743,268.17345234753026,-1
387,2019-06-03 01:07:07.405809,0.20544219664680505,8658.396158635082,0.1107501924416337,268.17345234753026,268.09993419178954,-1
388,2019-06-03 01:12:08.272492,0.8070855699344619,8661.386812792485,-0.9358945274401907,268.09993419178954,267.8099000414255,-1
389,2019-06-03 01:17:09.144165,0.08973313822110357,8649.940284175575,-0.21915861137119494,267.8099000414255,267.7721852273098,-1
390,2019-06-03 01:22:09.992464,0.04328768393626339,8647.286733129222,-0.3166189916022913,267.7721852273098,267.6199596499174,-1
391,2019-06-03 01:27:10.853168,-0.7919501049907991,8638.232566616756,0.04780535180813647,267.6199596499174,267.784376412316,1
392,2019-06-03 01:32:11.702957,-0.701886055864016,8637.89427347292,0.19147733361918884,267.784376412316,267.60495025680046,-1
393,2019-06-03 01:37:12.576655,-0.590444206474247,8633.720923749603,0.5645172384161885,267.60495025680046,267.1326438349151,-1
394,2019-06-03 01:42:13.780438,0.4908177968898866,8618.803327587599,0.4123642330535376,267.1326438349151,266.0340562643827,-1
395,2019-06-03 01:47:14.738879,0.3162410932898362,8586.81693108513,-0.5669649692131085,266.0340562643827,265.4989341807518,-1
396,2019-06-03 01:52:16.292728,0.5602003828700411,8560.011664415237,0.671544862189069,265.4989341807518,266.31533823771053,1
397,2019-06-03 01:57:17.178364,-0.33986741712450697,8573.00585113956,0.7649340816262067,266.31533823771053,266.2946857873053,-1
398,2019-06-03 02:02:18.378160,0.6582880287430384,8582.25112441648,-0.22453655460445002,266.2946857873053,266.16242747294024,-1
399,2019-06-03 02:07:19.238862,-0.09151646187512376,8586.202415943542,-0.7267582372553931,266.16242747294024,266.63531460053866,1
400,2019-06-03 02:12:20.089633,-0.3125749185797116,8603.290825579987,-0.5269848561892704,266.63531460053866,265.79580661789396,-1
401,2019-06-03 02:17:20.984203,-0.8143689463575934,8583.198053159967,0.20433995073842626,265.79580661789396,265.8334129865211,1
402,2019-06-03 02:22:21.856873,-0.2760828613385287,8588.767799734724,-0.19490768323144705,265.8334129865211,266.3543564713511,1
403,2019-06-03 02:27:22.763452,0.739738716754381,8587.681489404558,0.8051690373256912,266.3543564713511,265.32636233656405,-1
404,2019-06-03 02:32:23.643105,0.8362009288493031,8546.56467406473,0.0752029311589394,265.32636233656405,264.29570482816007,-1
405,2019-06-03 02:37:24.514779,-0.8592871467583565,8520.634882490227,-0.4412291436095905,264.29570482816007,262.69320391257224,-1
406,2019-06-03 02:42:25.368499,0.717874056570405,8481.942214573763,-0.22964565778374346,262.69320391257224,262.92835441996874,1
407,2019-06-03 02:47:26.572284,-0.704602377963533,8498.382822547914,-0.7795354750001194,262.92835441996874,264.0799999999999,1
408,2019-06-03 02:52:27.427002,-0.17847975420725112,8532.102639054161,-0.7736751660149103,264.0799999999999,263.14390323616607,-1
409,2019-06-03 02:57:28.989827,0.3438960090644603,8501.578303687467,-0.19751183974790465,263.14390323616607,262.48289935209425,-1
410,2019-06-03 03:02:29.849533,-0.2691555329117548,8498.406036242808,0.02878223315856538,262.48289935209425,260.99088309680855,-1
411,2019-06-03 03:07:30.741152,-0.1713423005875306,8455.72902488142,-0.1270720767080689,260.99088309680855,257.54958078807914,-1
412,2019-06-03 03:12:31.616814,-0.6485922880857521,8373.161486743771,0.3200893101787365,257.54958078807914,259.40938390107533,1
413,2019-06-03 03:17:32.476518,-0.3452607050486691,8393.154613701354,-0.4746966390268332,259.40938390107533,259.6501842338217,1
414,2019-06-03 03:22:33.328246,-0.050191834482129966,8414.385432264657,-0.7375912710126975,259.6501842338217,260.27456844329305,1
415,2019-06-03 03:27:34.177976,-0.4151146676108334,8431.608324355413,-0.6734865817963223,260.27456844329305,259.6776237481477,-1
416,2019-06-03 03:32:35.376803,-0.9112579251091918,8426.041592843474,-0.7238622560444617,259.6776237481477,261.1428754607381,1
417,2019-06-03 03:37:36.226507,-0.1857135972516636,8472.907080656652,-0.3345508975716767,261.1428754607381,261.52087149042353,1
418,2019-06-03 03:42:37.093194,-0.9245217209823048,8463.279347659163,-0.4030190712433236,261.52087149042353,260.77549093444406,-1
419,2019-06-03 03:47:37.960878,0.5020471083640895,8453.066279591365,0.4275027470905358,260.77549093444406,261.3202288212059,1
420,2019-06-03 03:52:39.179622,-0.8899714894435035,8467.855265214586,-0.3706206500414659,261.3202288212059,260.8183652803632,-1
421,2019-06-03 03:57:40.026381,0.09404326547473546,8457.696814247696,-0.27835403183844004,260.8183652803632,261.8809406767544,1
422,2019-06-03 04:02:41.252089,-0.08872579656946132,8485.875576081622,0.12704231907870006,261.8809406767544,262.3881423922358,1
423,2019-06-03 04:07:42.813917,0.8111243300988552,8506.726705754558,-0.5281095559082223,262.3881423922358,262.6048169056364,1
424,2019-06-03 04:12:43.678608,0.8866301022402456,8510.404654853159,-0.14295256609333584,262.6048169056364,262.00065960521044,-1
425,2019-06-03 04:17:44.549284,-0.4353392220647476,8505.917826388251,-0.033414161396117414,262.00065960521044,262.38497377340025,1
426,2019-06-03 04:22:45.423949,-0.3027663085141117,8513.712045467408,0.29643510269326145,262.38497377340025,261.8641874629292,-1
427,2019-06-03 04:27:46.311579,0.985881828937228,8500.626456320791,-0.21692611184851454,261.8641874629292,261.99796898835297,1
428,2019-06-03 04:32:47.200209,0.8069815786231496,8493.956129224278,0.4358443358645429,261.99796898835297,262.61745191387945,1
429,2019-06-03 04:37:48.076867,-0.7277227233028971,8508.019699900397,-0.6370537784492571,262.61745191387945,262.21514413082883,-1
430,2019-06-03 04:42:48.940561,-0.2862909753099991,8494.851992162596,0.14719835918293278,262.21514413082883,262.46784463004656,1
431,2019-06-03 04:47:49.795280,-0.12877040853063704,8499.480928463336,-0.20789613646506774,262.46784463004656,261.400205137625,-1
432,2019-06-03 04:52:50.665954,0.13174351462608294,8483.604565635509,0.5496475093900528,261.400205137625,261.252359744224,-1
433,2019-06-03 04:57:51.535634,-0.20349128277715134,8463.295116397261,-0.3058442738027193,261.252359744224,261.2154018322387,-1
434,2019-06-03 05:02:52.397333,0.6800644158404849,8470.993866687711,0.8210594414992121,261.2154018322387,260.4210660463866,-1
435,2019-06-03 05:07:53.263022,0.9742033234781541,8450.0,0.10205949308434957,260.4210660463866,260.6966313311468,1
436,2019-06-03 05:12:54.115746,0.378789588756468,8447.066317319906,-0.061898396970165276,260.6966313311468,259.7104242043091,-1
437,2019-06-03 05:17:55.005401,0.9487305774329712,8414.091932438914,-0.5821246099310974,259.7104242043091,261.2907283158286,1
438,2019-06-03 05:22:55.871059,-0.9053598825534808,8470.341895420881,0.017550684544318268,261.2907283158286,261.07386135663916,-1
439,2019-06-03 05:27:56.727773,-0.7505618862956537,8468.629748165966,-0.057031891817297564,261.07386135663916,262.0616946266362,1
440,2019-06-03 05:32:58.286609,-0.4075228109813745,8489.440897173257,-0.006278817835882632,262.0616946266362,261.6433614800424,-1
441,2019-06-03 05:37:59.163268,0.0105045495805623,8475.087487636747,-0.056763531597217365,261.6433614800424,262.03278563128504,1
442,2019-06-03 05:43:00.038931,0.1514172093004295,8478.139300703988,-0.9109409529886346,262.03278563128504,262.2457235069296,1
443,2019-06-03 05:48:00.887695,-0.6204916359240739,8479.311199333695,-0.35900774517100525,262.2457235069296,261.30015603514335,-1
444,2019-06-03 05:53:01.797286,0.8406876156673928,8459.126923519603,-0.8275398727188136,261.30015603514335,261.86272260658006,1
445,2019-06-03 05:58:03.018025,-0.7481098453629786,8480.734508144322,0.8640514032523376,261.86272260658006,261.9173466355404,1
446,2019-06-03 06:03:04.215807,-0.7853455942453559,8478.423832960594,-0.5827162933016206,261.9173466355404,262.5352500854926,1
447,2019-06-03 06:08:05.066556,0.08931754679318603,8487.82503946511,-0.4188038788923274,262.5352500854926,262.3320586163132,-1
448,2019-06-03 06:13:05.928263,-0.3868748177525471,8483.788258023898,0.957611017535676,262.3320586163132,263.2238190954774,1
449,2019-06-03 06:18:06.790953,0.7759645377552205,8506.71882352317,0.9708409077095486,263.2238190954774,263.78152063600896,1
450,2019-06-03 06:23:07.678590,-0.16062987599201894,8522.70143746053,-0.2917960895767298,263.78152063600896,263.55375857440947,-1
451,2019-06-03 06:28:08.555242,-0.6521224821110847,8514.774925751286,0.3045650941491401,263.55375857440947,263.58,1
452,2019-06-03 06:33:09.442853,-0.6980306806700778,8506.998473310941,0.9348502194127192,263.58,264.157726944211,1
453,2019-06-03 06:38:10.294609,0.08938701633761605,8526.827834039008,0.8365190164618382,264.157726944211,263.5909882640568,-1
454,2019-06-03 06:43:11.184204,-0.5884872906226767,8517.065634120085,0.7916106963006767,263.5909882640568,263.8751977348488,1
455,2019-06-03 06:48:12.201487,0.6969073692862793,8527.576546915188,0.2774891623997529,263.8751977348488,264.0829786117675,1
456,2019-06-03 06:53:13.069199,-0.9111480731695342,8529.429552165735,-0.13647184411126725,264.0829786117675,263.9911301813292,-1
457,2019-06-03 06:58:13.933870,0.7800619708565437,8538.119329447682,-0.25518953328274424,263.9911301813292,263.79169893874683,-1
458,2019-06-03 07:03:14.814513,-0.4266538381455519,8534.019502890102,0.6662739505871997,263.79169893874683,263.0948247856533,-1
459,2019-06-03 07:08:15.697176,-0.279150715872456,8524.30592790187,-0.07283806052974506,263.0948247856533,263.88332393057897,1
460,2019-06-03 07:13:16.576828,0.7228269844956658,8534.121126451235,0.3946573863852758,263.88332393057897,263.49728250385624,-1
461,2019-06-03 07:18:17.450476,0.2273271461377687,8527.581346182153,-0.41960729280430337,263.49728250385624,263.42678964358373,-1
462,2019-06-03 07:23:18.327154,0.6732773222371632,8529.411719637726,0.4074710995732672,263.42678964358373,263.69650520793357,1
463,2019-06-03 07:28:20.212119,-0.8502578764338051,8535.32000730274,0.1330637183423789,263.69650520793357,263.5905923248217,-1
464,2019-06-03 07:33:21.095782,-0.1566829845731695,8527.957581878463,-0.2147164103480924,263.5905923248217,263.28603741926156,-1
465,2019-06-03 07:38:22.052291,0.5309260432396029,8520.584717486181,0.09764370551199998,263.28603741926156,262.9841021023497,-1
466,2019-06-03 07:43:22.948989,-0.6289757558047891,8511.392143879208,0.4351487220883353,262.9841021023497,263.1431311220573,1
467,2019-06-03 07:48:23.820635,-0.5542979772472392,8517.446847473375,-0.5639568966143578,263.1431311220573,262.5050441361339,-1
468,2019-06-03 07:53:24.938714,-0.851060765317478,8498.073706325666,-0.4942748024766939,262.5050441361339,262.56362055938104,1
469,2019-06-03 07:58:25.811270,0.3240295820261128,8495.360778463706,0.06300815582787286,262.56362055938104,261.75624335696654,-1
470,2019-06-03 08:03:26.706396,-0.9837616565961836,8479.789611836832,0.1622328998897604,261.75624335696654,262.223880921106,1
471,2019-06-03 08:08:27.567329,0.03773422209649949,8489.96285651728,0.07093373718543633,262.223880921106,262.3865970442063,1
472,2019-06-03 08:13:28.424071,0.4823202936834468,8495.642040862389,0.20325823385418107,262.3865970442063,264.159232520904,1
473,2019-06-03 08:18:29.294081,-0.6202048918744687,8549.918198943926,-0.4644366523896172,264.159232520904,263.7826484269766,-1
474,2019-06-03 08:23:30.257279,-0.5067399494816738,8540.428305711235,-0.13444459909245912,263.7826484269766,263.40417252446537,-1
475,2019-06-03 08:28:31.120396,-0.7890099938515314,8540.893310060916,0.25251032583057165,263.40417252446537,263.2379738859712,-1
476,2019-06-03 08:33:32.024943,0.787143068617013,8544.037331806641,0.267437276517564,263.2379738859712,263.34311052425204,1
477,2019-06-03 08:38:33.210880,-0.6944943654149522,8550.082833876077,-0.7110041264179637,263.34311052425204,263.0312798244936,-1
478,2019-06-03 08:43:34.110062,-0.6877568286464578,8536.057302587327,-0.5955114071709435,263.0312798244936,263.4167047535795,1
479,2019-06-03 08:48:35.052434,0.4458307990073768,8535.42361687028,0.17442024653817104,263.4167047535795,263.28196232422886,-1
480,2019-06-03 08:53:35.935377,0.6088729059332775,8537.125387010059,0.1416311677411534,263.28196232422886,263.48123370813784,1
481,2019-06-03 08:58:36.797815,-0.4997206820400271,8542.417606366926,0.17778651717127186,263.48123370813784,262.880021519202,-1
482,2019-06-03 09:03:38.042426,0.505213942437191,8521.33973067453,0.17314500497762392,262.880021519202,262.8483125405029,-1
483,2019-06-03 09:08:39.257632,-0.9012704160285,8525.070686757932,-0.1609265794979432,262.8483125405029,262.5386389044714,-1
484,2019-06-03 09:13:40.134475,-0.4196645560136724,8508.566518248623,0.1973190437207998,262.5386389044714,262.7630810056607,1
485,2019-06-03 09:18:41.015022,-0.14944667994630675,8520.188391547701,-0.1262048382319068,262.7630810056607,263.06670395702844,1
486,2019-06-03 09:23:41.968934,-0.6071995921074103,8529.093817832934,-0.24272832576254574,263.06670395702844,262.87580523619783,-1
487,2019-06-03 09:28:42.889436,-0.888836937514768,8520.660026126207,0.2150855979648345,262.87580523619783,262.4591597633452,-1
488,2019-06-03 09:33:44.128129,-0.6843706926774457,8489.815366790424,0.1520085151599237,262.4591597633452,262.50121969514856,1
489,2019-06-03 09:38:45.016755,0.6407163121712973,8503.714009961464,-0.10488473192749537,262.50121969514856,261.7432409097003,-1
490,2019-06-03 09:43:45.929320,-0.9728801926775059,8467.121478672663,-0.6585346039872243,261.7432409097003,262.0083083127253,1
491,2019-06-03 09:48:46.801357,0.9521887961219078,8481.470394612677,0.14035584314204666,262.0083083127253,261.8242815430925,-1
492,2019-06-03 09:53:47.677048,-0.490051392457859,8461.956420128794,-0.09373136214894247,261.8242815430925,261.10651158950765,-1
493,2019-06-03 09:58:48.580865,-0.8829567580524741,8456.150836765011,0.10244895436740807,261.10651158950765,260.53173623345646,-1
494,2019-06-03 10:03:49.451081,0.5155420080972879,8465.109475503357,-0.7160926083167914,260.53173623345646,260.53701800403263,1
495,2019-06-03 10:08:50.334153,-0.8402108383817053,8473.147804806813,-0.9640170965948508,260.53701800403263,261.081374773111,1
496,2019-06-03 10:13:51.223415,-0.7068552074696793,8479.256773463932,-0.1564043050865503,261.081374773111,261.0205985522023,-1
497,2019-06-03 10:18:52.119151,0.6947558235115974,8475.649244490603,0.049634339749040704,261.0205985522023,260.95899252497054,-1
498,2019-06-03 10:23:52.990891,-0.6021102697159637,8474.74088270377,-0.05125070104416335,260.95899252497054,260.60182155010057,-1
499,2019-06-03 10:28:54.023261,-0.996319342700001,8469.583782222942,-0.3757975580271004,260.60182155010057,260.11797180858997,-1
500,2019-06-03 10:33:54.894934,-0.24840296428624126,8467.717764440225,0.3240103773351973,260.11797180858997,259.10716780253983,-1
501,2019-06-03 10:38:55.790543,-0.9593317579967184,8448.751083434863,-0.950831031713879,259.10716780253983,258.6984046182962,-1
502,2019-06-03 10:43:56.676203,-0.7133756164501441,8449.749725063835,-0.6800218358297053,258.6984046182962,256.8570944013948,-1
503,2019-06-03 10:48:57.556828,-0.7470339291636892,8387.31917490594,0.5065689199838636,256.8570944013948,256.3643882467028,-1
504,2019-06-03 10:53:58.438502,-0.13608101439879106,8376.263235026376,-0.5717668988691557,256.3643882467028,258.1149433090289,1
505,2019-06-03 10:58:59.296277,-0.037220748536306233,8397.87775687861,0.434295170357928,258.1149433090289,256.37832526581644,-1
506,2019-06-03 11:04:00.185500,0.05412776973020004,8355.93731321952,-0.4637375362870261,256.37832526581644,257.89286411943425,1
